<?xml version="1.0" encoding="UTF-8"?>
<beans xmlns="http://www.springframework.org/schema/beans"
	xmlns:xsi="http://www.w3.org/2001/XMLSchema-instance" xmlns:context="http://www.springframework.org/schema/context"
	xsi:schemaLocation="http://www.springframework.org/schema/beans
     http://www.springframework.org/schema/beans/spring-beans-4.0.xsd
     http://www.springframework.org/schema/context
     http://www.springframework.org/schema/context/spring-context-4.0.xsd">
     
     
     <context:component-scan base-package="com.cg.controller"></context:component-scan>
     
     <bean class="org.springframe.web.servlet.view.InternalResourceViewResolver">
     <property name="perfix" value="/"></property>
     <property name="suffix" value=".jsp"></property>
     </bean>
     </beans>